Symbol,Direction,Entry Price,Max Size,Max Size USDT,Realized PnL,Realized PnL %,Open Time,Close Time,Runup,Drawdown
SUIUSDC,Short,3.436 USDT,"58,164.8","-199,826.82 USDT",790.57 USDT,0.40 %,05/05/2025 12:02 UTC,05/05/2025 13:10 UTC,,
SUIUSDC,Short,3.614 USDT,"178,601.2","-645,546.46 USDT","71,480 USDT",11.07 %,04/27/2025 06:46 UTC,05/04/2025 09:37 UTC,,
TRUMPUSDC,Short,13.751 USDT,72.72,999.97 USDT,45.59 USDT,4.56 %,04/29/2025 12:11 UTC,04/30/2025 06:15 UTC,7.87 % 12.75 USDT,-0.41 % 13.81 USDT
BTCUSDC,Long,"93,708 USDT",5.335,"499,932.18 USDT",-162.61 USDT,-0.03 %,04/27/2025 12:32 UTC,04/27/2025 12:41 UTC,"0.09 % 93,793 USDT","-0.04 % 93,669 USDT"
TRUMPUSDC,Short,15.464 USDT,"1,936.32","-29,944.18 USDT",-623.32 USDT,-2.08 %,04/26/2025 09:14 UTC,04/26/2025 10:12 UTC,0.40 % 15.40 USDT,-2.32 % 15.83 USDT
XRPUSDC,Short,2.204 USDT,"407,278.3","-897,511.76 USDT","4,338 USDT",0.48 %,04/25/2025 11:54 UTC,04/25/2025 13:21 UTC,0.55 % 2.19 USDT,-0.51 % 2.22 USDT
XRPUSDC,Short,2.22 USDT,"45,045","99,999.90 USDT","1,192 USDT",1.19 %,04/24/2025 13:31 UTC,04/24/2025 13:32 UTC,0.50 % 2.21 USDT,
XRPUSDC,Short,2.165 USDT,"393,966.5","-852,758.92 USDT","8,570 USDT",1.00 %,04/22/2025 18:16 UTC,04/24/2025 08:30 UTC,0.95 % 2.14 USDT,-5.77 % 2.30 USDT
TRUMPUSDC,Short,13.544 USDT,"3,688.96","-49,961.73 USDT","-4,072.36 USDT",-8.15 %,04/23/2025 20:06 UTC,04/23/2025 21:42 UTC,1.66 % 13.32 USDT,-8.11 % 14.74 USDT
TRUMPUSDC,Short,13.123 USDT,"3,059.23","-40,146.26 USDT",264.96 USDT,0.66 %,04/23/2025 18:14 UTC,04/23/2025 19:12 UTC,0.92 % 13.00 USDT,-0.62 % 13.20 USDT
TRUMPUSDT,Short,13.135 USDT,"1,513.31","19,877.33 USDT",295.18 USDT,1.49 %,04/23/2025 18:13 UTC,04/23/2025 18:21 UTC,,-0.34 % 13.18 USDT
TRUMPUSDT,Short,13.477 USDT,"2,960.25","-39,895.45 USDT","1,726 USDT",4.33 %,04/23/2025 17:01 UTC,04/23/2025 17:32 UTC,4.48 % 12.90 USDT,-0.24 % 13.51 USDT
IMXUSDT,Long,0.483 USDT,"41,456","20,003.29 USDT",575.73 USDT,2.88 %,04/22/2025 12:03 UTC,04/22/2025 12:06 UTC,2.94 % 0.50 USDT,-0.40 % 0.48 USDT
BTCUSDT,Long,"83,801.8 USDT",5,"419,009.00 USDT",114.98 USDT,0.03 %,04/17/2025 14:38 UTC,04/17/2025 14:40 UTC,"0.16 % 83,939 USDT","-0.06 % 83,750 USDT"
OMUSDT,Long,0.669 USDT,"45,076.2","30,155.96 USDT",329.36 USDT,1.09 %,04/14/2025 13:47 UTC,04/15/2025 11:44 UTC,2.96 % 0.69 USDT,-31.24 % 0.46 USDT
BTCUSDC,Long,"81,421.6 USDT",24.6,"2,002,971.36 USDT","19,751 USDT",0.99 %,04/09/2025 17:49 UTC,04/09/2025 18:49 UTC,"1.88 % 82,953 USDT","-0.36 % 81,128 USDT"
BTCUSDC,Long,"80,900.449 USDT",24.752,"2,002,447.91 USDT","13,527 USDT",0.68 %,04/09/2025 17:28 UTC,04/09/2025 17:46 UTC,"1.24 % 81,901 USDT","-0.17 % 80,764 USDT"
NILUSDT,Long,0.394 USDT,"139,682.3","55,016.73 USDT","-2,095.56 USDT",-3.81 %,04/08/2025 17:33 UTC,04/09/2025 11:01 UTC,5.16 % 0.41 USDT,-12.26 % 0.35 USDT
BTCUSDC,Long,"75,084.392 USDT",2.663,"199,949.74 USDT","7,207 USDT",3.60 %,04/09/2025 01:16 UTC,04/09/2025 07:32 UTC,"3.67 % 77,839 USDT","-0.75 % 74,519 USDT"
FARTCOINUSDT,Long,0.557 USDT,"71,788.5","39,985.18 USDT",228.20 USDT,0.57 %,04/08/2025 14:56 UTC,04/08/2025 15:33 UTC,0.65 % 0.56 USDT,-1.65 % 0.55 USDT
FARTCOINUSDT,Long,0.531 USDT,"47,089.8","24,999.97 USDT",874.73 USDT,3.50 %,04/07/2025 21:13 UTC,04/07/2025 22:49 UTC,4.90 % 0.56 USDT,-0.96 % 0.53 USDT
FARTCOINUSDT,Long,0.532 USDT,"37,586.9","19,999.99 USDT",134.54 USDT,0.67 %,04/07/2025 14:20 UTC,04/07/2025 14:23 UTC,2.31 % 0.54 USDT,-3.14 % 0.52 USDT
FARTCOINUSDT,Long,0.47 USDT,"2,126.4",999.06 USDT,101.36 USDT,10.15 %,04/07/2025 12:44 UTC,04/07/2025 14:03 UTC,12.66 % 0.53 USDT,-3.97 % 0.45 USDT
GMXUSDT,Long,10.918 USDT,9.15,99.90 USDT,5.05 USDT,5.06 %,04/07/2025 11:59 UTC,04/07/2025 14:03 UTC,6.40 % 11.62 USDT,-0.36 % 10.88 USDT
BTCUSDC,Long,"78,903.8 USDT",10,"789,038.00 USDT",599.40 USDT,0.08 %,04/06/2025 22:06 UTC,04/06/2025 22:13 UTC,"0.19 % 79,053 USDT","-0.51 % 78,504 USDT"
BTCUSDC,Long,"78,968 USDT",5,"394,840.00 USDT","2,227 USDT",0.56 %,04/06/2025 21:02 UTC,04/06/2025 21:25 UTC,"0.80 % 79,600 USDT","-0.30 % 78,732 USDT"
FARTCOINUSDT,Long,0.485 USDT,"309,725.8","150,204.68 USDT","4,597 USDT",3.06 %,04/04/2025 20:34 UTC,04/04/2025 21:41 UTC,8.26 % 0.52 USDT,-1.13 % 0.48 USDT
FARTCOINUSDT,Long,0.466 USDT,"107,365.2","50,075.13 USDT",978.89 USDT,1.95 %,04/04/2025 18:21 UTC,04/04/2025 19:06 UTC,2.70 % 0.48 USDT,-0.32 % 0.46 USDT
XRPUSDC,Short,2.134 USDT,"140,554.7","-299,999.82 USDT",129.01 USDT,0.04 %,04/04/2025 17:40 UTC,04/04/2025 18:06 UTC,0.24 % 2.13 USDT,-0.31 % 2.14 USDT
FARTCOINUSDT,Long,0.444 USDT,"158,112.8","70,236.25 USDT",698.23 USDT,0.99 %,04/04/2025 14:37 UTC,04/04/2025 14:53 UTC,2.52 % 0.46 USDT,-1.80 % 0.44 USDT
FARTCOINUSDT,Long,0.428 USDT,"210,900","90,210.93 USDT","5,292 USDT",5.87 %,04/04/2025 12:33 UTC,04/04/2025 14:02 UTC,7.35 % 0.46 USDT,-2.14 % 0.42 USDT
XRPUSDC,Short,2.08 USDT,"171,012","-355,626.99 USDT","6,978 USDT",1.96 %,04/04/2025 07:17 UTC,04/04/2025 11:17 UTC,2.18 % 2.04 USDT,-0.89 % 2.10 USDT
XRPUSDC,Short,2.05 USDT,"121,889.7","-249,863.21 USDT",-197.25 USDT,-0.08 %,04/03/2025 18:51 UTC,04/03/2025 20:16 UTC,0.56 % 2.04 USDT,-0.65 % 2.06 USDT
XRPUSDC,Short,2.006 USDT,"49,783.4","99,840.61 USDT",-134.65 USDT,-0.13 %,04/03/2025 15:59 UTC,04/03/2025 16:25 UTC,0.24 % 2.00 USDT,-0.26 % 2.01 USDT
XRPUSDC,Short,2.002 USDT,"99,880.1","199,999.91 USDT","1,208 USDT",0.60 %,04/03/2025 15:42 UTC,04/03/2025 15:52 UTC,0.54 % 1.99 USDT,
XRPUSDT,Short,2.016 USDT,"99,117.8","199,791.75 USDT","3,300 USDT",1.65 %,04/03/2025 13:34 UTC,04/03/2025 14:39 UTC,1.60 % 1.98 USDT,
KAIAUSDT,Long,0.105 USDT,"9,532","1,000.89 USDT",-27.31 USDT,-2.73 %,04/03/2025 08:01 UTC,04/03/2025 14:39 UTC,0.66 % 0.11 USDT,-3.43 % 0.10 USDT
XRPUSDT,Short,2.046 USDT,"48,880.6","99,999.93 USDT","1,211 USDT",1.21 %,04/03/2025 08:43 UTC,04/03/2025 10:39 UTC,1.16 % 2.02 USDT,-0.31 % 2.05 USDT
EOSUSDT,Short,0.831 USDT,"6,010.8","4,994.97 USDT",141.30 USDT,2.83 %,04/02/2025 21:51 UTC,04/02/2025 22:13 UTC,2.21 % 0.81 USDT,
XRPUSDT,Short,2.092 USDT,"286,867.3","-599,788.96 USDT","1,642 USDT",0.27 %,04/02/2025 21:12 UTC,04/02/2025 22:03 UTC,0.27 % 2.09 USDT,-0.40 % 2.10 USDT
XRPUSDT,Short,2.128 USDT,"470,353.2","-1,001,137.27 USDT","2,363 USDT",0.24 %,04/02/2025 20:27 UTC,04/02/2025 20:58 UTC,0.94 % 2.11 USDT,
BTCUSDT,Long,"87,485.578 USDT",15,"1,312,283.67 USDT","-23,409.25 USDT",-1.78 %,04/02/2025 20:26 UTC,04/02/2025 20:29 UTC,,"-2.61 % 85,200 USDT"
BTCUSDT,Long,"87,540.331 USDT",15,"1,313,104.97 USDT","8,741 USDT",0.67 %,04/02/2025 20:14 UTC,04/02/2025 20:15 UTC,"0.36 % 87,855 USDT","-0.29 % 87,287 USDT"
ACTUSDT,Long,0.088 USDT,"227,122","19,986.33 USDT","-1,108.26 USDT",-5.55 %,04/01/2025 17:00 UTC,04/01/2025 19:56 UTC,4.99 % 0.09 USDT,-7.69 % 0.08 USDT
ACTUSDT,Long,0.096 USDT,"207,964","20,011.75 USDT","1,529 USDT",7.64 %,04/01/2025 10:52 UTC,04/01/2025 12:30 UTC,11.88 % 0.11 USDT,-12.95 % 0.08 USDT
BTCUSDT,Short,"85,153.218 USDT",20,"1,703,064.37 USDT","2,564 USDT",0.15 %,03/28/2025 12:30 UTC,03/28/2025 12:31 UTC,,
BTCUSDT,Short,"87,408.7 USDT",27,"2,360,034.90 USDT","-1,935.48 USDT",-0.08 %,03/24/2025 12:05 UTC,03/24/2025 12:20 UTC,,"-0.20 % 87,580 USDT"
BTCUSDT,Short,"87,463.148 USDT",20,"1,749,262.96 USDT","2,011 USDT",0.12 %,03/24/2025 12:01 UTC,03/24/2025 12:01 UTC,,
BTCUSDT,Short,"83,895.4 USDT",27,"2,265,175.80 USDT",327.85 USDT,0.01 %,03/19/2025 13:41 UTC,03/19/2025 14:30 UTC,"0.07 % 83,840 USDT","-0.45 % 84,271 USDT"
FARTCOINUSDT,Long,0.277 USDT,"270,987.8","75,055.93 USDT","6,626 USDT",8.83 %,03/18/2025 20:58 UTC,03/19/2025 06:18 UTC,15.39 % 0.32 USDT,-0.60 % 0.28 USDT
