Symbol,Direction,Entry Price,Max Size,Max Size USDT,Realized PnL,Realized PnL %,Open Time,Close Time,Runup,Drawdown,Open_Time_UTC,Close_Time_UTC,Open_Time_KST,Close_Time_KST,Open_Time_KST_Str,Close_Time_KST_Str,PnL_Value,PnL_Sign,PnL_Numeric,Size_USDT_Numeric,Size_USDT_Abs,Cumulative_PnL,Period_Cumulative_PnL
FARTCOINUSDT,Long,0.277 USDT,"270,987.8","75,055.93 USDT","6,626 USDT",8.83 %,03/18/2025 20:58 UTC,03/19/2025 06:18 UTC,15.39 % 0.32 USDT,-0.60 % 0.28 USDT,2025-03-18 20:58:00,2025-03-19 06:18:00,2025-03-19 05:58:00,2025-03-19 15:18:00,2025-03-19 05:58 KST,2025-03-19 15:18 KST,6626.0,1,6626.0,75055.93,75055.93,6626.0,6626.0
BTCUSDT,Short,"83,895.4 USDT",27,"2,265,175.80 USDT",327.85 USDT,0.01 %,03/19/2025 13:41 UTC,03/19/2025 14:30 UTC,"0.07 % 83,840 USDT","-0.45 % 84,271 USDT",2025-03-19 13:41:00,2025-03-19 14:30:00,2025-03-19 22:41:00,2025-03-19 23:30:00,2025-03-19 22:41 KST,2025-03-19 23:30 KST,327.85,1,327.85,2265175.8,2265175.8,6953.85,6953.85
BTCUSDT,Short,"87,463.148 USDT",20,"1,749,262.96 USDT","2,011 USDT",0.12 %,03/24/2025 12:01 UTC,03/24/2025 12:01 UTC,,,2025-03-24 12:01:00,2025-03-24 12:01:00,2025-03-24 21:01:00,2025-03-24 21:01:00,2025-03-24 21:01 KST,2025-03-24 21:01 KST,2011.0,1,2011.0,1749262.96,1749262.96,8964.85,8964.85
BTCUSDT,Short,"87,408.7 USDT",27,"2,360,034.90 USDT","-1,935.48 USDT",-0.08 %,03/24/2025 12:05 UTC,03/24/2025 12:20 UTC,,"-0.20 % 87,580 USDT",2025-03-24 12:05:00,2025-03-24 12:20:00,2025-03-24 21:05:00,2025-03-24 21:20:00,2025-03-24 21:05 KST,2025-03-24 21:20 KST,1935.48,-1,-1935.48,2360034.9,2360034.9,7029.370000000001,7029.370000000001
BTCUSDT,Short,"85,153.218 USDT",20,"1,703,064.37 USDT","2,564 USDT",0.15 %,03/28/2025 12:30 UTC,03/28/2025 12:31 UTC,,,2025-03-28 12:30:00,2025-03-28 12:31:00,2025-03-28 21:30:00,2025-03-28 21:31:00,2025-03-28 21:30 KST,2025-03-28 21:31 KST,2564.0,1,2564.0,1703064.37,1703064.37,9593.37,9593.37
ACTUSDT,Long,0.096 USDT,"207,964","20,011.75 USDT","1,529 USDT",7.64 %,04/01/2025 10:52 UTC,04/01/2025 12:30 UTC,11.88 % 0.11 USDT,-12.95 % 0.08 USDT,2025-04-01 10:52:00,2025-04-01 12:30:00,2025-04-01 19:52:00,2025-04-01 21:30:00,2025-04-01 19:52 KST,2025-04-01 21:30 KST,1529.0,1,1529.0,20011.75,20011.75,11122.37,11122.37
ACTUSDT,Long,0.088 USDT,"227,122","19,986.33 USDT","-1,108.26 USDT",-5.55 %,04/01/2025 17:00 UTC,04/01/2025 19:56 UTC,4.99 % 0.09 USDT,-7.69 % 0.08 USDT,2025-04-01 17:00:00,2025-04-01 19:56:00,2025-04-02 02:00:00,2025-04-02 04:56:00,2025-04-02 02:00 KST,2025-04-02 04:56 KST,1108.26,-1,-1108.26,19986.33,19986.33,10014.11,10014.11
BTCUSDT,Long,"87,540.331 USDT",15,"1,313,104.97 USDT","8,741 USDT",0.67 %,04/02/2025 20:14 UTC,04/02/2025 20:15 UTC,"0.36 % 87,855 USDT","-0.29 % 87,287 USDT",2025-04-02 20:14:00,2025-04-02 20:15:00,2025-04-03 05:14:00,2025-04-03 05:15:00,2025-04-03 05:14 KST,2025-04-03 05:15 KST,8741.0,1,8741.0,1313104.97,1313104.97,18755.11,18755.11
BTCUSDT,Long,"87,485.578 USDT",15,"1,312,283.67 USDT","-23,409.25 USDT",-1.78 %,04/02/2025 20:26 UTC,04/02/2025 20:29 UTC,,"-2.61 % 85,200 USDT",2025-04-02 20:26:00,2025-04-02 20:29:00,2025-04-03 05:26:00,2025-04-03 05:29:00,2025-04-03 05:26 KST,2025-04-03 05:29 KST,23409.25,-1,-23409.25,1312283.67,1312283.67,-4654.139999999999,-4654.139999999999
XRPUSDT,Short,2.128 USDT,"470,353.2","-1,001,137.27 USDT","2,363 USDT",0.24 %,04/02/2025 20:27 UTC,04/02/2025 20:58 UTC,0.94 % 2.11 USDT,,2025-04-02 20:27:00,2025-04-02 20:58:00,2025-04-03 05:27:00,2025-04-03 05:58:00,2025-04-03 05:27 KST,2025-04-03 05:58 KST,2363.0,1,2363.0,-1001137.27,1001137.27,-2291.1399999999994,-2291.1399999999994
XRPUSDT,Short,2.092 USDT,"286,867.3","-599,788.96 USDT","1,642 USDT",0.27 %,04/02/2025 21:12 UTC,04/02/2025 22:03 UTC,0.27 % 2.09 USDT,-0.40 % 2.10 USDT,2025-04-02 21:12:00,2025-04-02 22:03:00,2025-04-03 06:12:00,2025-04-03 07:03:00,2025-04-03 06:12 KST,2025-04-03 07:03 KST,1642.0,1,1642.0,-599788.96,599788.96,-649.1399999999994,-649.1399999999994
EOSUSDT,Short,0.831 USDT,"6,010.8","4,994.97 USDT",141.30 USDT,2.83 %,04/02/2025 21:51 UTC,04/02/2025 22:13 UTC,2.21 % 0.81 USDT,,2025-04-02 21:51:00,2025-04-02 22:13:00,2025-04-03 06:51:00,2025-04-03 07:13:00,2025-04-03 06:51 KST,2025-04-03 07:13 KST,141.3,1,141.3,4994.97,4994.97,-507.8399999999994,-507.8399999999994
KAIAUSDT,Long,0.105 USDT,"9,532","1,000.89 USDT",-27.31 USDT,-2.73 %,04/03/2025 08:01 UTC,04/03/2025 14:39 UTC,0.66 % 0.11 USDT,-3.43 % 0.10 USDT,2025-04-03 08:01:00,2025-04-03 14:39:00,2025-04-03 17:01:00,2025-04-03 23:39:00,2025-04-03 17:01 KST,2025-04-03 23:39 KST,27.31,-1,-27.31,1000.89,1000.89,-535.1499999999994,-535.1499999999994
XRPUSDT,Short,2.046 USDT,"48,880.6","99,999.93 USDT","1,211 USDT",1.21 %,04/03/2025 08:43 UTC,04/03/2025 10:39 UTC,1.16 % 2.02 USDT,-0.31 % 2.05 USDT,2025-04-03 08:43:00,2025-04-03 10:39:00,2025-04-03 17:43:00,2025-04-03 19:39:00,2025-04-03 17:43 KST,2025-04-03 19:39 KST,1211.0,1,1211.0,99999.93,99999.93,675.8500000000006,675.8500000000006
XRPUSDT,Short,2.016 USDT,"99,117.8","199,791.75 USDT","3,300 USDT",1.65 %,04/03/2025 13:34 UTC,04/03/2025 14:39 UTC,1.60 % 1.98 USDT,,2025-04-03 13:34:00,2025-04-03 14:39:00,2025-04-03 22:34:00,2025-04-03 23:39:00,2025-04-03 22:34 KST,2025-04-03 23:39 KST,3300.0,1,3300.0,199791.75,199791.75,3975.8500000000004,3975.8500000000004
XRPUSDC,Short,2.002 USDT,"99,880.1","199,999.91 USDT","1,208 USDT",0.60 %,04/03/2025 15:42 UTC,04/03/2025 15:52 UTC,0.54 % 1.99 USDT,,2025-04-03 15:42:00,2025-04-03 15:52:00,2025-04-04 00:42:00,2025-04-04 00:52:00,2025-04-04 00:42 KST,2025-04-04 00:52 KST,1208.0,1,1208.0,199999.91,199999.91,5183.85,5183.85
XRPUSDC,Short,2.006 USDT,"49,783.4","99,840.61 USDT",-134.65 USDT,-0.13 %,04/03/2025 15:59 UTC,04/03/2025 16:25 UTC,0.24 % 2.00 USDT,-0.26 % 2.01 USDT,2025-04-03 15:59:00,2025-04-03 16:25:00,2025-04-04 00:59:00,2025-04-04 01:25:00,2025-04-04 00:59 KST,2025-04-04 01:25 KST,134.65,-1,-134.65,99840.61,99840.61,5049.200000000001,5049.200000000001
XRPUSDC,Short,2.05 USDT,"121,889.7","-249,863.21 USDT",-197.25 USDT,-0.08 %,04/03/2025 18:51 UTC,04/03/2025 20:16 UTC,0.56 % 2.04 USDT,-0.65 % 2.06 USDT,2025-04-03 18:51:00,2025-04-03 20:16:00,2025-04-04 03:51:00,2025-04-04 05:16:00,2025-04-04 03:51 KST,2025-04-04 05:16 KST,197.25,-1,-197.25,-249863.21,249863.21,4851.950000000001,4851.950000000001
XRPUSDC,Short,2.08 USDT,"171,012","-355,626.99 USDT","6,978 USDT",1.96 %,04/04/2025 07:17 UTC,04/04/2025 11:17 UTC,2.18 % 2.04 USDT,-0.89 % 2.10 USDT,2025-04-04 07:17:00,2025-04-04 11:17:00,2025-04-04 16:17:00,2025-04-04 20:17:00,2025-04-04 16:17 KST,2025-04-04 20:17 KST,6978.0,1,6978.0,-355626.99,355626.99,11829.95,11829.95
FARTCOINUSDT,Long,0.428 USDT,"210,900","90,210.93 USDT","5,292 USDT",5.87 %,04/04/2025 12:33 UTC,04/04/2025 14:02 UTC,7.35 % 0.46 USDT,-2.14 % 0.42 USDT,2025-04-04 12:33:00,2025-04-04 14:02:00,2025-04-04 21:33:00,2025-04-04 23:02:00,2025-04-04 21:33 KST,2025-04-04 23:02 KST,5292.0,1,5292.0,90210.93,90210.93,17121.95,17121.95
FARTCOINUSDT,Long,0.444 USDT,"158,112.8","70,236.25 USDT",698.23 USDT,0.99 %,04/04/2025 14:37 UTC,04/04/2025 14:53 UTC,2.52 % 0.46 USDT,-1.80 % 0.44 USDT,2025-04-04 14:37:00,2025-04-04 14:53:00,2025-04-04 23:37:00,2025-04-04 23:53:00,2025-04-04 23:37 KST,2025-04-04 23:53 KST,698.23,1,698.23,70236.25,70236.25,17820.18,17820.18
XRPUSDC,Short,2.134 USDT,"140,554.7","-299,999.82 USDT",129.01 USDT,0.04 %,04/04/2025 17:40 UTC,04/04/2025 18:06 UTC,0.24 % 2.13 USDT,-0.31 % 2.14 USDT,2025-04-04 17:40:00,2025-04-04 18:06:00,2025-04-05 02:40:00,2025-04-05 03:06:00,2025-04-05 02:40 KST,2025-04-05 03:06 KST,129.01,1,129.01,-299999.82,299999.82,17949.19,17949.19
FARTCOINUSDT,Long,0.466 USDT,"107,365.2","50,075.13 USDT",978.89 USDT,1.95 %,04/04/2025 18:21 UTC,04/04/2025 19:06 UTC,2.70 % 0.48 USDT,-0.32 % 0.46 USDT,2025-04-04 18:21:00,2025-04-04 19:06:00,2025-04-05 03:21:00,2025-04-05 04:06:00,2025-04-05 03:21 KST,2025-04-05 04:06 KST,978.89,1,978.89,50075.13,50075.13,18928.079999999998,18928.079999999998
FARTCOINUSDT,Long,0.485 USDT,"309,725.8","150,204.68 USDT","4,597 USDT",3.06 %,04/04/2025 20:34 UTC,04/04/2025 21:41 UTC,8.26 % 0.52 USDT,-1.13 % 0.48 USDT,2025-04-04 20:34:00,2025-04-04 21:41:00,2025-04-05 05:34:00,2025-04-05 06:41:00,2025-04-05 05:34 KST,2025-04-05 06:41 KST,4597.0,1,4597.0,150204.68,150204.68,23525.079999999998,23525.079999999998
BTCUSDC,Long,"78,968 USDT",5,"394,840.00 USDT","2,227 USDT",0.56 %,04/06/2025 21:02 UTC,04/06/2025 21:25 UTC,"0.80 % 79,600 USDT","-0.30 % 78,732 USDT",2025-04-06 21:02:00,2025-04-06 21:25:00,2025-04-07 06:02:00,2025-04-07 06:25:00,2025-04-07 06:02 KST,2025-04-07 06:25 KST,2227.0,1,2227.0,394840.0,394840.0,25752.079999999998,25752.079999999998
BTCUSDC,Long,"78,903.8 USDT",10,"789,038.00 USDT",599.40 USDT,0.08 %,04/06/2025 22:06 UTC,04/06/2025 22:13 UTC,"0.19 % 79,053 USDT","-0.51 % 78,504 USDT",2025-04-06 22:06:00,2025-04-06 22:13:00,2025-04-07 07:06:00,2025-04-07 07:13:00,2025-04-07 07:06 KST,2025-04-07 07:13 KST,599.4,1,599.4,789038.0,789038.0,26351.48,26351.48
GMXUSDT,Long,10.918 USDT,9.15,99.90 USDT,5.05 USDT,5.06 %,04/07/2025 11:59 UTC,04/07/2025 14:03 UTC,6.40 % 11.62 USDT,-0.36 % 10.88 USDT,2025-04-07 11:59:00,2025-04-07 14:03:00,2025-04-07 20:59:00,2025-04-07 23:03:00,2025-04-07 20:59 KST,2025-04-07 23:03 KST,5.05,1,5.05,99.9,99.9,26356.53,26356.53
FARTCOINUSDT,Long,0.47 USDT,"2,126.4",999.06 USDT,101.36 USDT,10.15 %,04/07/2025 12:44 UTC,04/07/2025 14:03 UTC,12.66 % 0.53 USDT,-3.97 % 0.45 USDT,2025-04-07 12:44:00,2025-04-07 14:03:00,2025-04-07 21:44:00,2025-04-07 23:03:00,2025-04-07 21:44 KST,2025-04-07 23:03 KST,101.36,1,101.36,999.06,999.06,26457.89,26457.89
FARTCOINUSDT,Long,0.532 USDT,"37,586.9","19,999.99 USDT",134.54 USDT,0.67 %,04/07/2025 14:20 UTC,04/07/2025 14:23 UTC,2.31 % 0.54 USDT,-3.14 % 0.52 USDT,2025-04-07 14:20:00,2025-04-07 14:23:00,2025-04-07 23:20:00,2025-04-07 23:23:00,2025-04-07 23:20 KST,2025-04-07 23:23 KST,134.54,1,134.54,19999.99,19999.99,26592.43,26592.43
FARTCOINUSDT,Long,0.531 USDT,"47,089.8","24,999.97 USDT",874.73 USDT,3.50 %,04/07/2025 21:13 UTC,04/07/2025 22:49 UTC,4.90 % 0.56 USDT,-0.96 % 0.53 USDT,2025-04-07 21:13:00,2025-04-07 22:49:00,2025-04-08 06:13:00,2025-04-08 07:49:00,2025-04-08 06:13 KST,2025-04-08 07:49 KST,874.73,1,874.73,24999.97,24999.97,27467.16,27467.16
FARTCOINUSDT,Long,0.557 USDT,"71,788.5","39,985.18 USDT",228.20 USDT,0.57 %,04/08/2025 14:56 UTC,04/08/2025 15:33 UTC,0.65 % 0.56 USDT,-1.65 % 0.55 USDT,2025-04-08 14:56:00,2025-04-08 15:33:00,2025-04-08 23:56:00,2025-04-09 00:33:00,2025-04-08 23:56 KST,2025-04-09 00:33 KST,228.2,1,228.2,39985.18,39985.18,27695.36,27695.36
NILUSDT,Long,0.394 USDT,"139,682.3","55,016.73 USDT","-2,095.56 USDT",-3.81 %,04/08/2025 17:33 UTC,04/09/2025 11:01 UTC,5.16 % 0.41 USDT,-12.26 % 0.35 USDT,2025-04-08 17:33:00,2025-04-09 11:01:00,2025-04-09 02:33:00,2025-04-09 20:01:00,2025-04-09 02:33 KST,2025-04-09 20:01 KST,2095.56,-1,-2095.56,55016.73,55016.73,25599.8,25599.8
BTCUSDC,Long,"75,084.392 USDT",2.663,"199,949.74 USDT","7,207 USDT",3.60 %,04/09/2025 01:16 UTC,04/09/2025 07:32 UTC,"3.67 % 77,839 USDT","-0.75 % 74,519 USDT",2025-04-09 01:16:00,2025-04-09 07:32:00,2025-04-09 10:16:00,2025-04-09 16:32:00,2025-04-09 10:16 KST,2025-04-09 16:32 KST,7207.0,1,7207.0,199949.74,199949.74,32806.8,32806.8
BTCUSDC,Long,"80,900.449 USDT",24.752,"2,002,447.91 USDT","13,527 USDT",0.68 %,04/09/2025 17:28 UTC,04/09/2025 17:46 UTC,"1.24 % 81,901 USDT","-0.17 % 80,764 USDT",2025-04-09 17:28:00,2025-04-09 17:46:00,2025-04-10 02:28:00,2025-04-10 02:46:00,2025-04-10 02:28 KST,2025-04-10 02:46 KST,13527.0,1,13527.0,2002447.91,2002447.91,46333.8,46333.8
BTCUSDC,Long,"81,421.6 USDT",24.6,"2,002,971.36 USDT","19,751 USDT",0.99 %,04/09/2025 17:49 UTC,04/09/2025 18:49 UTC,"1.88 % 82,953 USDT","-0.36 % 81,128 USDT",2025-04-09 17:49:00,2025-04-09 18:49:00,2025-04-10 02:49:00,2025-04-10 03:49:00,2025-04-10 02:49 KST,2025-04-10 03:49 KST,19751.0,1,19751.0,2002971.36,2002971.36,66084.8,66084.8
OMUSDT,Long,0.669 USDT,"45,076.2","30,155.96 USDT",329.36 USDT,1.09 %,04/14/2025 13:47 UTC,04/15/2025 11:44 UTC,2.96 % 0.69 USDT,-31.24 % 0.46 USDT,2025-04-14 13:47:00,2025-04-15 11:44:00,2025-04-14 22:47:00,2025-04-15 20:44:00,2025-04-14 22:47 KST,2025-04-15 20:44 KST,329.36,1,329.36,30155.96,30155.96,66414.16,66414.16
BTCUSDT,Long,"83,801.8 USDT",5,"419,009.00 USDT",114.98 USDT,0.03 %,04/17/2025 14:38 UTC,04/17/2025 14:40 UTC,"0.16 % 83,939 USDT","-0.06 % 83,750 USDT",2025-04-17 14:38:00,2025-04-17 14:40:00,2025-04-17 23:38:00,2025-04-17 23:40:00,2025-04-17 23:38 KST,2025-04-17 23:40 KST,114.98,1,114.98,419009.0,419009.0,66529.14,66529.14
IMXUSDT,Long,0.483 USDT,"41,456","20,003.29 USDT",575.73 USDT,2.88 %,04/22/2025 12:03 UTC,04/22/2025 12:06 UTC,2.94 % 0.50 USDT,-0.40 % 0.48 USDT,2025-04-22 12:03:00,2025-04-22 12:06:00,2025-04-22 21:03:00,2025-04-22 21:06:00,2025-04-22 21:03 KST,2025-04-22 21:06 KST,575.73,1,575.73,20003.29,20003.29,67104.87,67104.87
XRPUSDC,Short,2.165 USDT,"393,966.5","-852,758.92 USDT","8,570 USDT",1.00 %,04/22/2025 18:16 UTC,04/24/2025 08:30 UTC,0.95 % 2.14 USDT,-5.77 % 2.30 USDT,2025-04-22 18:16:00,2025-04-24 08:30:00,2025-04-23 03:16:00,2025-04-24 17:30:00,2025-04-23 03:16 KST,2025-04-24 17:30 KST,8570.0,1,8570.0,-852758.92,852758.92,75674.87,75674.87
TRUMPUSDT,Short,13.477 USDT,"2,960.25","-39,895.45 USDT","1,726 USDT",4.33 %,04/23/2025 17:01 UTC,04/23/2025 17:32 UTC,4.48 % 12.90 USDT,-0.24 % 13.51 USDT,2025-04-23 17:01:00,2025-04-23 17:32:00,2025-04-24 02:01:00,2025-04-24 02:32:00,2025-04-24 02:01 KST,2025-04-24 02:32 KST,1726.0,1,1726.0,-39895.45,39895.45,77400.87,77400.87
TRUMPUSDT,Short,13.135 USDT,"1,513.31","19,877.33 USDT",295.18 USDT,1.49 %,04/23/2025 18:13 UTC,04/23/2025 18:21 UTC,,-0.34 % 13.18 USDT,2025-04-23 18:13:00,2025-04-23 18:21:00,2025-04-24 03:13:00,2025-04-24 03:21:00,2025-04-24 03:13 KST,2025-04-24 03:21 KST,295.18,1,295.18,19877.33,19877.33,77696.04999999999,77696.04999999999
TRUMPUSDC,Short,13.123 USDT,"3,059.23","-40,146.26 USDT",264.96 USDT,0.66 %,04/23/2025 18:14 UTC,04/23/2025 19:12 UTC,0.92 % 13.00 USDT,-0.62 % 13.20 USDT,2025-04-23 18:14:00,2025-04-23 19:12:00,2025-04-24 03:14:00,2025-04-24 04:12:00,2025-04-24 03:14 KST,2025-04-24 04:12 KST,264.96,1,264.96,-40146.26,40146.26,77961.01,77961.01
TRUMPUSDC,Short,13.544 USDT,"3,688.96","-49,961.73 USDT","-4,072.36 USDT",-8.15 %,04/23/2025 20:06 UTC,04/23/2025 21:42 UTC,1.66 % 13.32 USDT,-8.11 % 14.74 USDT,2025-04-23 20:06:00,2025-04-23 21:42:00,2025-04-24 05:06:00,2025-04-24 06:42:00,2025-04-24 05:06 KST,2025-04-24 06:42 KST,4072.36,-1,-4072.36,-49961.73,49961.73,73888.65,73888.65
XRPUSDC,Short,2.22 USDT,"45,045","99,999.90 USDT","1,192 USDT",1.19 %,04/24/2025 13:31 UTC,04/24/2025 13:32 UTC,0.50 % 2.21 USDT,,2025-04-24 13:31:00,2025-04-24 13:32:00,2025-04-24 22:31:00,2025-04-24 22:32:00,2025-04-24 22:31 KST,2025-04-24 22:32 KST,1192.0,1,1192.0,99999.9,99999.9,75080.65,75080.65
XRPUSDC,Short,2.204 USDT,"407,278.3","-897,511.76 USDT","4,338 USDT",0.48 %,04/25/2025 11:54 UTC,04/25/2025 13:21 UTC,0.55 % 2.19 USDT,-0.51 % 2.22 USDT,2025-04-25 11:54:00,2025-04-25 13:21:00,2025-04-25 20:54:00,2025-04-25 22:21:00,2025-04-25 20:54 KST,2025-04-25 22:21 KST,4338.0,1,4338.0,-897511.76,897511.76,79418.65,79418.65
TRUMPUSDC,Short,15.464 USDT,"1,936.32","-29,944.18 USDT",-623.32 USDT,-2.08 %,04/26/2025 09:14 UTC,04/26/2025 10:12 UTC,0.40 % 15.40 USDT,-2.32 % 15.83 USDT,2025-04-26 09:14:00,2025-04-26 10:12:00,2025-04-26 18:14:00,2025-04-26 19:12:00,2025-04-26 18:14 KST,2025-04-26 19:12 KST,623.32,-1,-623.32,-29944.18,29944.18,78795.32999999999,78795.32999999999
SUIUSDC,Short,3.614 USDT,"178,601.2","-645,546.46 USDT","71,480 USDT",11.07 %,04/27/2025 06:46 UTC,05/04/2025 09:37 UTC,,,2025-04-27 06:46:00,2025-05-04 09:37:00,2025-04-27 15:46:00,2025-05-04 18:37:00,2025-04-27 15:46 KST,2025-05-04 18:37 KST,71480.0,1,71480.0,-645546.46,645546.46,150275.33,150275.33
BTCUSDC,Long,"93,708 USDT",5.335,"499,932.18 USDT",-162.61 USDT,-0.03 %,04/27/2025 12:32 UTC,04/27/2025 12:41 UTC,"0.09 % 93,793 USDT","-0.04 % 93,669 USDT",2025-04-27 12:32:00,2025-04-27 12:41:00,2025-04-27 21:32:00,2025-04-27 21:41:00,2025-04-27 21:32 KST,2025-04-27 21:41 KST,162.61,-1,-162.61,499932.18,499932.18,150112.72,150112.72
TRUMPUSDC,Short,13.751 USDT,72.72,999.97 USDT,45.59 USDT,4.56 %,04/29/2025 12:11 UTC,04/30/2025 06:15 UTC,7.87 % 12.75 USDT,-0.41 % 13.81 USDT,2025-04-29 12:11:00,2025-04-30 06:15:00,2025-04-29 21:11:00,2025-04-30 15:15:00,2025-04-29 21:11 KST,2025-04-30 15:15 KST,45.59,1,45.59,999.97,999.97,150158.31,150158.31
SUIUSDC,Short,3.436 USDT,"58,164.8","-199,826.82 USDT",790.57 USDT,0.40 %,05/05/2025 12:02 UTC,05/05/2025 13:10 UTC,,,2025-05-05 12:02:00,2025-05-05 13:10:00,2025-05-05 21:02:00,2025-05-05 22:10:00,2025-05-05 21:02 KST,2025-05-05 22:10 KST,790.57,1,790.57,-199826.82,199826.82,150948.88,150948.88
